Workbook

Sheet chamada
D1: TER | E1: QUI | F1: TER | G1: QUI | H1: TER | I1: QUI | J1: TER | K1: QUI | L1: TER | M1: QUI | N1: TER | O1: QUI | P1: TER | Q1: TER | R1: QUI | S1: TER | T1: QUI | U1: TER | V1: QUI | W1: TER | X1: QUI | Y1: TER | Z1: QUI | AA1: TER | AB1: QUI | AC1: TER | AD1: QUI | AE1: TER | AF1: QUI | AG1: TER | AH1: QUI | AI1: TER | AJ1: QUI | AK1: TER | AL1: QUI | AM1: TER | AN1: QUI | AO1: TER | AP1: QUI | AQ1: TER | AR1: QUI | AS1: TER | AT1: FÉRIAS | AU1: TER | AV1: QUI | AW1: TER | AX1: QUI | AY1: TER | AZ1: QUI | BA1: TER | BB1: QUI | BC1: TER | BD1: QUI | BE1: TER | BF1: QUI | BG1: TER | BH1: QUI | BI1: TER | BJ1: QUI | BK1: TER | BL1: QUI | BM1: TER | BN1: QUI | BO1: TER | BP1: QUI | BQ1: TER | BR1: QUI | BS1: TER | BT1: QUI | BU1: TER | BV1: QUI
A2: RM | B2: Aluno | C2: Orden | D2: 46049 | E2: 46051 | F2: 46056 | G2: 05/012 | H2: 46063 | I2: 46065 | J2: 46070 | K2: 46072 | L2: 46077 | M2: 46079 | N2: 46084 | O2: 46086 | P2: 46091 | Q2: 46098 | R2: 46100 | S2: 46105 | T2: 46107 | U2: 46112 | V2: 46114 | W2: 46119 | X2: 46121 | Y2: 46126 | Z2: 46128 | AA2: 46133 | AB2: 46135 | AC2: 46140 | AD2: 46142 | AE2: 46147 | AF2: 46149 | AG2: 46154 | AH2: 46156 | AI2: 46161 | AJ2: 46163 | AK2: 46168 | AL2: 46170 | AM2: 46175 | AN2: 46177 | AO2: 46182 | AP2: 46184 | AQ2: 46189 | AR2: 46191 | AS2: 46196 | AT2: FÉRIAS | AU2: 46231 | AV2: 46233 | AW2: 46238 | AX2: 46240 | AY2: 46245 | AZ2: 46247 | BA2: 46252 | BB2: 46254 | BC2: 46259 | BD2: 46261 | BE2: 46266 | BF2: 46268 | BG2: 46273 | BH2: 46275 | BI2: 46280 | BJ2: 46282 | BK2: 46287 | BL2: 46289 | BM2: 46294 | BN2: 46296 | BO2: 46301 | BP2: 46303 | BQ2: 46308 | BR2: 46310 | BS2: 46315 | BT2: 46317 | BU2: 46322 | BV2: 46324
A3: =alunos!A2 -> 26132246 | B3: Ana Beatriz Alves de Lima | C3: 1 | D3: P | E3: P | F3: P | G3: P | H3: P | I3: P | J3: Carnaval | K3: P | L3: P | M3: P | N3: P | O3: P | P3: P | Q3: P | R3: P | S3: P | T3: P | U3: P | V3: P | W3: P | X3: P | Y3: P | Z3: P | AA3: feriado | AB3: P | AC3: P | AD3: P | AE3: P | AF3: P | AG3: P | AH3: P | AI3: P | AJ3: P | AK3: P | AL3: P | AM3: P | AN3: Feriado | AO3: P | AP3: P | AQ3: P | AR3: P | AS3: P | AT3: FÉRIAS | AU3: P | AV3: P | AW3: P | AX3: P | AY3: P | AZ3: P | BA3: P | BB3: P | BC3: P | BD3: P | BE3: P | BF3: P | BG3: FERIADO | BH3: P | BI3: P | BJ3: P | BK3: P | BL3: P | BM3: F | BN3: P | BO3: P | BP3: P | BQ3: FERIADO | BR3: REMOTO | BS3: P | BT3: P | BU3: P | BV3: P
A4: =alunos!A3 -> 26132200 | B4: Bianca Giovedy Pagotto | C4: 2 | D4: P | E4: P | F4: P | G4: P | H4: P | I4: P | J4: Carnaval | K4: P | L4: P | M4: P | N4: P | O4: P | P4: P | Q4: P | R4: P | S4: P | T4: P | U4: P | V4: P | W4: P | X4: P | Y4: P | Z4: P | AA4: feriado | AB4: P | AC4: P | AD4: P | AE4: P | AF4: P | AG4: P | AH4: P | AI4: P | AJ4: P | AK4: P | AL4: P | AM4: P | AN4: Feriado | AO4: P | AP4: P | AQ4: P | AR4: P | AS4: P | AT4: FÉRIAS | AU4: P | AV4: P | AW4: P | AX4: P | AY4: P | AZ4: P | BA4: P | BB4: P | BC4: P | BD4: P | BE4: P | BF4: P | BG4: FERIADO | BH4: P | BI4: P | BJ4: P | BK4: P | BL4: P | BM4: P | BN4: P | BO4: P | BP4: P | BQ4: FERIADO | BR4: REMOTO | BS4: P | BT4: P | BU4: P | BV4: P
A5: =alunos!A4 -> 26132302 | B5: Breno Frazão Callegari | C5: 3 | D5: P | E5: P | F5: P | G5: P | H5: P | I5: P | J5: Carnaval | K5: P | L5: P | M5: P | N5: P | O5: P | P5: P | Q5: P | R5: P | S5: P | T5: P | U5: P | V5: P | W5: P | X5: P | Y5: P | Z5: P | AA5: feriado | AB5: P | AC5: P | AD5: P | AE5: P | AF5: P | AG5: P | AH5: P | AI5: P | AJ5: P | AK5: P | AL5: P | AM5: P | AN5: Feriado | AO5: P | AP5: P | AQ5: P/5 | AR5: P | AS5: P | AT5: FÉRIAS | AU5: P | AV5: P | AW5: P | AX5: P | AY5: P | AZ5: P | BA5: P | BB5: P | BC5: P | BD5: P | BE5: P | BF5: P | BG5: FERIADO | BH5: P | BI5: P | BJ5: P | BK5: P | BL5: P | BM5: P | BN5: P | BO5: P | BP5: P | BQ5: FERIADO | BR5: REMOTO | BS5: P/5 | BT5: P | BU5: P | BV5: P
A6: =alunos!A5 -> 26132277 | B6: Davi Cruz Oliveira | C6: 4 | D6: P | E6: P | F6: P | G6: P | H6: P | I6: P | J6: Carnaval | K6: P | L6: P | M6: P | N6: P | O6: P | P6: P | Q6: P | R6: P | S6: P | T6: P | U6: P | V6: P | W6: P | X6: P | Y6: P | Z6: P | AA6: feriado | AB6: P | AC6: P | AD6: P | AE6: P | AF6: P | AG6: P | AH6: P | AI6: P | AJ6: P | AK6: P | AL6: P | AM6: P | AN6: Feriado | AO6: P | AP6: P | AQ6: P | AR6: P | AS6: P | AT6: FÉRIAS | AU6: P | AV6: P | AW6: P | AX6: P | AY6: P | AZ6: P | BA6: P | BB6: P | BC6: P | BD6: P | BE6: P | BF6: P | BG6: FERIADO | BH6: P | BI6: P | BJ6: P | BK6: P | BL6: P | BM6: P | BN6: P | BO6: P | BP6: P | BQ6: FERIADO | BR6: REMOTO | BS6: P | BT6: P | BU6: P | BV6: P
A7: =alunos!A6 -> 26132197 | B7: Eduardo Moretti Varotti | C7: 5 | D7: P | E7: P | F7: P | G7: P | H7: P | I7: P | J7: Carnaval | K7: P | L7: P | M7: P | N7: P | O7: P | P7: P | Q7: P | R7: P | S7: P | T7: P | U7: P | V7: P | W7: P | X7: P | Y7: P | Z7: P | AA7: feriado | AB7: P | AC7: P | AD7: P | AE7: P | AF7: P | AG7: P | AH7: P | AI7: P | AJ7: P/5 | AK7: P | AL7: P | AM7: P | AN7: Feriado | AO7: P | AP7: P | AQ7: P | AR7: P | AS7: P | AT7: FÉRIAS | AU7: P | AV7: P | AW7: P | AX7: P | AY7: P | AZ7: P | BA7: P | BB7: P | BC7: P | BD7: P | BE7: P | BF7: P | BG7: FERIADO | BH7: P | BI7: P | BJ7: P | BK7: P | BL7: P | BM7: P | BN7: P | BO7: P | BP7: P | BQ7: FERIADO | BR7: REMOTO | BS7: P | BT7: P | BU7: P | BV7: P
A8: =alunos!A7 -> 26132286 | B8: Gabriela Leticia da Silva | C8: 6 | D8: P | E8: P | F8: P | G8: P | H8: P | I8: F | J8: Carnaval | K8: P | L8: P | M8: P | N8: P | O8: P | P8: P | Q8: P | R8: P | S8: P | T8: P | U8: P | V8: P | W8: P | X8: P | Y8: P | Z8: P | AA8: feriado | AB8: P | AC8: P | AD8: P | AE8: P | AF8: P | AG8: P | AH8: P | AI8: P | AJ8: P | AK8: P | AL8: P | AM8: P | AN8: Feriado | AO8: P | AP8: P | AQ8: P | AR8: P | AS8: P | AT8: FÉRIAS | AU8: P | AV8: P | AW8: P | AX8: P | AY8: P | AZ8: P | BA8: P | BB8: P | BC8: P | BD8: P | BE8: F | BF8: P | BG8: FERIADO | BH8: 5P|F | BI8: P | BJ8: P | BK8: P | BL8: P | BM8: P | BN8: F | BO8: P | BP8: P | BQ8: FERIADO | BR8: REMOTO | BS8: P | BT8: P | BU8: P | BV8: P
A9: =alunos!A8 -> 26132281 | B9: Geovanna Martins Bertuol | C9: 7 | D9: P | E9: P | F9: P | G9: P | H9: P | I9: P | J9: Carnaval | K9: P | L9: P | M9: P | N9: P | O9: P | P9: P | Q9: P | R9: P | S9: P | T9: P | U9: P | V9: P | W9: P | X9: P | Y9: P | Z9: P | AA9: feriado | AB9: P | AC9: P | AD9: P | AE9: P | AF9: P | AG9: P | AH9: P | AI9: P | AJ9: P | AK9: P | AL9: P | AM9: P | AN9: Feriado | AO9: F | AP9: P | AQ9: P | AR9: P | AS9: P | AT9: FÉRIAS | AU9: F | AV9: P | AW9: P | AX9: P | AY9: P | AZ9: P | BA9: P | BB9: F | BC9: P | BD9: F | BE9: P | BF9: P | BG9: FERIADO | BH9: P | BI9: F | BJ9: P | BK9: P | BL9: P | BM9: P | BN9: P | BO9: P | BP9: P | BQ9: FERIADO | BR9: REMOTO | BS9: P | BT9: P | BU9: 5/P | BV9: F | 5P
A10: =alunos!A9 -> 26132340 | B10: Giulia de Godoi Silveira | C10: 8 | D10: P | E10: P | F10: P | G10: P | H10: P | I10: P | J10: Carnaval | K10: P | L10: P | M10: P | N10: P | O10: F | P10: P | Q10: P | R10: P | S10: P | T10: P | U10: P | V10: P | W10: P | X10: P | Y10: F | Z10: F | AA10: feriado | AB10: P | AC10: F | AD10: P/5 | AE10: P | AF10: P | AG10: P | AH10: P | AI10: P | AJ10: P | AK10: P | AL10: P | AM10: P | AN10: Feriado | AO10: P | AP10: P | AQ10: P | AR10: P | AS10: P | AT10: FÉRIAS | AU10: F | AV10: P | AW10: P | AX10: P | AY10: P | AZ10: P | BA10: P/5 | BB10: P | BC10: P | BD10: P | BE10: P | BF10: P | BG10: FERIADO | BH10: F | BI10: P | BJ10: F | BK10: P | BL10: P | BM10: P/5 | BN10: P | BO10: P | BP10: P | BQ10: FERIADO | BR10: REMOTO | BS10: P/5 | BT10: P | BU10: P | BV10: P
A11: =alunos!A10 -> 26133020 | B11: Giuseppe de Moraes Vieira | C11: 9 | G11: P | H11: P | I11: P | J11: Carnaval | K11: P | L11: P | M11: P | N11: P | O11: P | P11: P | Q11: P | R11: F | S11: P | T11: P | U11: P | V11: P | W11: P | X11: P | Y11: P | Z11: P | AA11: feriado | AB11: P | AC11: P | AD11: P | AE11: P | AF11: P | AG11: P | AH11: P | AI11: P | AJ11: P | AK11: P | AL11: P | AM11: P | AN11: Feriado | AO11: P | AP11: P | AQ11: P | AR11: P | AS11: P | AT11: FÉRIAS | AU11: P | AV11: P | AW11: P | AX11: P | AY11: P | AZ11: F | BA11: P | BB11: P | BC11: P | BD11: P | BE11: P | BF11: P | BG11: FERIADO | BH11: F | BI11: P | BJ11: P | BK11: P/5 | BL11: P | BM11: P/5 | BN11: P | BO11: P | BP11: P | BQ11: FERIADO | BR11: REMOTO | BS11: P | BT11: P | BU11: P | BV11: P
A12: =alunos!A11 -> 26132271 | B12: Gustavo Ferelli | C12: 10 | D12: P | E12: P | F12: P | G12: P | H12: P | I12: P | J12: Carnaval | K12: F | L12: P | M12: P | N12: P | O12: P | P12: P | Q12: P | R12: P | S12: P | T12: P | U12: F | V12: P | W12: P | X12: P | Y12: P | Z12: P | AA12: feriado | AB12: P | AC12: P | AD12: P | AE12: P | AF12: P | AG12: P | AH12: P | AI12: P | AJ12: P | AK12: P | AL12: P | AM12: P | AN12: Feriado | AO12: P | AP12: P | AQ12: P/5 | AR12: P | AS12: P | AT12: FÉRIAS | AU12: P | AV12: P | AW12: P | AX12: P | AY12: P | AZ12: P | BA12: P | BB12: P | BC12: P | BD12: P | BE12: P | BF12: P | BG12: FERIADO | BH12: F | BI12: P | BJ12: P | BK12: P | BL12: P | BM12: P | BN12: P | BO12: P | BP12: P | BQ12: FERIADO | BR12: REMOTO | BS12: P | BT12: P | BU12: P | BV12: P
A13: =alunos!A12 -> 26132244 | B13: Heitor Dorigan de Angeli | C13: 11 | D13: P | E13: P | F13: P | G13: P | H13: F | I13: P | J13: Carnaval | K13: P | L13: P | M13: P | N13: P | O13: P | P13: P | Q13: P | R13: P | S13: P | T13: P | U13: P | V13: P | W13: P | X13: P | Y13: P | Z13: P | AA13: feriado | AB13: P | AC13: P | AD13: P | AE13: P | AF13: P | AG13: P | AH13: P | AI13: P | AJ13: P | AK13: P | AL13: P | AM13: P | AN13: Feriado | AO13: P | AP13: P | AQ13: P | AR13: P | AS13: P | AT13: FÉRIAS | AU13: P | AV13: P | AW13: P | AX13: P | AY13: P | AZ13: P | BA13: P | BB13: P | BC13: P/5 | BD13: P | BE13: P | BF13: P | BG13: FERIADO | BH13: P | BI13: P | BJ13: P | BK13: P | BL13: P | BM13: P | BN13: P | BO13: P | BP13: P | BQ13: FERIADO | BR13: REMOTO | BS13: P | BT13: F | BU13: P | BV13: P
A14: =alunos!A13 -> 26132204 | B14: Helena Politti Rossi | C14: 12 | D14: P | E14: P | F14: P | G14: P | H14: P | I14: P | J14: Carnaval | K14: P | L14: P | M14: P | N14: P | O14: P | P14: P | Q14: P | R14: P | S14: P | T14: P | U14: P | V14: P | W14: P | X14: P | Y14: P | Z14: P | AA14: feriado | AB14: P | AC14: P | AD14: P | AE14: P | AF14: P | AG14: P | AH14: P | AI14: P | AJ14: P | AK14: P | AL14: P | AM14: P | AN14: Feriado | AO14: P | AP14: P | AQ14: P | AR14: P | AS14: P | AT14: FÉRIAS | AU14: P | AV14: P | AW14: P | AX14: P | AY14: P | AZ14: P | BA14: P | BB14: P | BC14: P | BD14: P | BE14: P | BF14: P | BG14: FERIADO | BH14: P | BI14: P | BJ14: P | BK14: F | BL14: P | BM14: P | BN14: P | BO14: P | BP14: P | BQ14: FERIADO | BR14: REMOTO | BS14: P | BT14: P | BU14: P | BV14: P
A15: =alunos!A14 -> 26132220 | B15: Isabela Marchiori Ferreira | C15: 13 | D15: P | E15: P | F15: P | G15: P | H15: P | I15: P | J15: Carnaval | K15: P | L15: P | M15: P | N15: P | O15: P | P15: P | Q15: P | R15: P | S15: P | T15: P | U15: P | V15: P | W15: P | X15: P | Y15: P | Z15: P | AA15: feriado | AB15: P | AC15: P | AD15: P | AE15: P | AF15: P | AG15: P | AH15: P | AI15: P | AJ15: P | AK15: P | AL15: P | AM15: P | AN15: Feriado | AO15: P | AP15: P | AQ15: P | AR15: P | AS15: P | AT15: FÉRIAS | AU15: P | AV15: P | AW15: P | AX15: P | AY15: P | AZ15: P | BA15: P | BB15: P | BC15: P | BD15: P | BE15: P | BF15: P | BG15: FERIADO | BH15: P | BI15: P | BJ15: P | BK15: P | BL15: P | BM15: P | BN15: P | BO15: P | BP15: P | BQ15: FERIADO | BR15: REMOTO | BS15: P | BT15: P | BU15: P | BV15: P
A16: =alunos!A15 -> 26132184 | B16: Isabelle Caroline Vizeu de Salles | C16: 14 | D16: P | E16: P | F16: P | G16: P | H16: P | I16: P | J16: Carnaval | K16: P | L16: 4P/4F | M16: P | N16: P | O16: P | P16: P | Q16: P | R16: P | S16: P | T16: P | U16: P | V16: P | W16: F | X16: P | Y16: P | Z16: P | AA16: feriado | AB16: P | AC16: P | AD16: P | AE16: P | AF16: P | AG16: P | AH16: P | AI16: P | AJ16: P | AK16: P | AL16: P | AM16: P | AN16: Feriado | AO16: P | AP16: P | AQ16: P | AR16: P | AS16: P | AT16: FÉRIAS | AU16: P | AV16: P | AW16: P | AX16: P | AY16: P | AZ16: F | BA16: P | BB16: P | BC16: P | BD16: P | BE16: P | BF16: P | BG16: FERIADO | BH16: P | BI16: P | BJ16: 5P|F | BK16: P | BL16: P | BM16: P | BN16: P | BO16: P | BP16: P | BQ16: FERIADO | BR16: REMOTO | BS16: P | BT16: P | BU16: P | BV16: P
A17: =alunos!A16 -> 26133029 | B17: Larissa Guarizo Tolloto | C17: 15 | J17: Carnaval | L17: P | M17: P | N17: P | O17: P | P17: P | Q17: P | R17: P | S17: P | T17: P | U17: P | V17: P | W17: P | X17: P | Y17: P | Z17: P | AA17: feriado | AB17: P | AC17: P | AD17: P | AE17: P | AF17: P | AG17: P | AH17: P | AI17: P | AJ17: P | AK17: P | AL17: P | AM17: P | AN17: Feriado | AO17: P | AP17: P | AQ17: P | AR17: P | AS17: P | AT17: FÉRIAS | AU17: F | AV17: P | AW17: P | AX17: P | AY17: P | AZ17: P | BA17: P | BB17: P | BC17: P | BD17: P | BE17: P | BF17: P | BG17: FERIADO | BH17: P | BI17: P | BJ17: P | BK17: P | BL17: P | BM17: P | BN17: P | BO17: P | BP17: P | BQ17: FERIADO | BR17: REMOTO | BS17: P | BT17: P | BU17: P | BV17: P
A18: =alunos!A17 -> 26132288 | B18: Leandro Imenes de Oliveira | C18: 16 | D18: P | E18: P | F18: P | G18: P | H18: P | I18: P | J18: Carnaval | K18: P | L18: P | M18: P | N18: P | O18: P | P18: P | Q18: P | R18: P | S18: P | T18: P | U18: P | V18: P | W18: P | X18: P | Y18: P | Z18: P | AA18: feriado | AB18: P | AC18: P | AD18: P | AE18: P | AF18: P | AG18: P | AH18: P | AI18: P | AJ18: P | AK18: P | AL18: P | AM18: P | AN18: Feriado | AO18: P | AP18: P | AQ18: P | AR18: P | AS18: P | AT18: FÉRIAS | AU18: P | AV18: P | AW18: P | AX18: P | AY18: P | AZ18: P | BA18: P | BB18: P | BC18: P | BD18: P | BE18: P | BF18: P | BG18: FERIADO | BH18: P | BI18: P | BJ18: P | BK18: P | BL18: P | BM18: P | BN18: P | BO18: P | BP18: P | BQ18: FERIADO | BR18: REMOTO | BS18: P | BT18: P | BU18: P | BV18: P
A19: =alunos!A18 -> 26132330 | B19: Letícia Aparecida Pinto de Souza | C19: 17 | D19: P | E19: P | F19: P | G19: P | H19: P | I19: P | J19: Carnaval | K19: P | L19: P | M19: P | N19: P | O19: P | P19: P | Q19: P | R19: P | S19: P | T19: P | U19: P | V19: P | W19: P | X19: P | Y19: P | Z19: P | AA19: feriado | AB19: P | AC19: P | AD19: P | AE19: P | AF19: P | AG19: P | AH19: P | AI19: P | AJ19: P | AK19: P | AL19: P | AM19: F | AN19: Feriado | AO19: P | AP19: P | AQ19: P | AR19: P | AS19: P | AT19: FÉRIAS | AU19: P | AV19: P | AW19: P | AX19: P | AY19: P | AZ19: P | BA19: P | BB19: P | BC19: P | BD19: P | BE19: P | BF19: P | BG19: FERIADO | BH19: P | BI19: P | BJ19: P | BK19: P | BL19: P | BM19: P | BN19: P | BO19: P | BP19: P | BQ19: FERIADO | BR19: REMOTO | BS19: P | BT19: P | BU19: P | BV19: P
A20: =alunos!A19 -> 26133024 | B20: Liara Guarizo Tolloto | C20: 18 | J20: Carnaval | L20: P | M20: P | N20: P | O20: P | P20: P | Q20: P | R20: P | S20: P | T20: P | U20: P | V20: P | W20: P | X20: P | Y20: P | Z20: P | AA20: feriado | AB20: P | AC20: P | AD20: P | AE20: P | AF20: P | AG20: P | AH20: P | AI20: P | AJ20: P | AK20: P | AL20: P | AM20: P | AN20: Feriado | AO20: P | AP20: P | AQ20: P | AR20: P | AS20: P | AT20: FÉRIAS | AU20: F | AV20: P | AW20: P | AX20: P | AY20: P | AZ20: P | BA20: P | BB20: P | BC20: P/5 | BD20: P | BE20: P | BF20: P | BG20: FERIADO | BH20: P | BI20: P | BJ20: P | BK20: P | BL20: P | BM20: P | BN20: P | BO20: P | BP20: P | BQ20: FERIADO | BR20: REMOTO | BS20: P | BT20: P | BU20: P | BV20: P
A21: =alunos!A20 -> 26132248 | B21: Luana Gabrielle de Oliveira | C21: 19 | D21: P | E21: P | F21: P | G21: P | H21: P | I21: P | J21: Carnaval | K21: P | L21: 4P/4F | M21: P | N21: P | O21: P | P21: P | Q21: P | R21: P | S21: P | T21: P | U21: P | V21: P | W21: P | X21: P | Y21: P | Z21: P | AA21: feriado | AB21: P | AC21: P | AD21: P | AE21: P | AF21: P | AG21: P | AH21: P | AI21: P | AJ21: P | AK21: P | AL21: P | AM21: P | AN21: Feriado | AO21: P | AP21: P | AQ21: P | AR21: P | AS21: P | AT21: FÉRIAS | AU21: P | AV21: P | AW21: P | AX21: P | AY21: P | AZ21: P | BA21: P | BB21: P | BC21: P | BD21: P | BE21: P | BF21: P | BG21: FERIADO | BH21: 5P|F | BI21: P | BJ21: P | BK21: P | BL21: P | BM21: P | BN21: P | BO21: P | BP21: P | BQ21: FERIADO | BR21: REMOTO | BS21: P | BT21: P | BU21: P | BV21: P
A22: =alunos!A21 -> 26132180 | B22: Marina Henrique Moretti | C22: 20 | D22: P | E22: P | F22: P | G22: P | H22: P | I22: P | J22: Carnaval | K22: P | L22: P | M22: P | N22: F | O22: P | P22: P | Q22: P | R22: P | S22: P | T22: P | U22: P | V22: P | W22: P | X22: P | Y22: P | Z22: P | AA22: feriado | AB22: P | AC22: P | AD22: P | AE22: P | AF22: P | AG22: P | AH22: P | AI22: P | AJ22: P | AK22: P | AL22: P | AM22: P | AN22: Feriado | AO22: P | AP22: P | AQ22: P | AR22: P | AS22: P | AT22: FÉRIAS | AU22: P | AV22: P | AW22: P | AX22: P | AY22: P | AZ22: P | BA22: P | BB22: P | BC22: F | BD22: P | BE22: P | BF22: P | BG22: FERIADO | BH22: P | BI22: P | BJ22: P | BK22: P | BL22: P | BM22: P | BN22: F | BO22: P | BP22: P | BQ22: FERIADO | BR22: REMOTO | BS22: P | BT22: P | BU22: P | BV22: P | 5F
A23: =alunos!A22 -> 26132269 | B23: Matheus Dorigan Paiato | C23: 21 | D23: P | E23: P | F23: P | G23: P | H23: P | I23: P | J23: Carnaval | K23: P | L23: P | M23: P | N23: P | O23: P | P23: P | Q23: P | R23: P | S23: P | T23: P | U23: F | V23: P | W23: P | X23: P | Y23: P | Z23: P | AA23: feriado | AB23: P | AC23: P | AD23: P | AE23: P | AF23: P | AG23: P | AH23: P | AI23: P | AJ23: P | AK23: P | AL23: P | AM23: P | AN23: Feriado | AO23: F | AP23: F | AQ23: P | AR23: P | AS23: P | AT23: FÉRIAS | AU23: P | AV23: P | AW23: P | AX23: P | AY23: P | AZ23: P | BA23: P | BB23: P | BC23: P | BD23: P | BE23: P | BF23: P | BG23: FERIADO | BH23: P | BI23: P | BJ23: P | BK23: P | BL23: P | BM23: P | BN23: P | BO23: P | BP23: P | BQ23: FERIADO | BR23: REMOTO | BS23: P | BT23: P | BU23: P | BV23: P
A24: =alunos!A23 -> 26132202 | B24: Maycon Silva Gonçalves de Lima | C24: 22 | D24: P | E24: P | F24: P | G24: P | H24: P | I24: P | J24: Carnaval | K24: P | L24: P | M24: P | N24: P | O24: P | P24: P | Q24: P | R24: P | S24: P | T24: P | U24: P | V24: P | W24: P | X24: P | Y24: P | Z24: P | AA24: feriado | AB24: P | AC24: P | AD24: P | AE24: P | AF24: P | AG24: P | AH24: P | AI24: P | AJ24: P | AK24: P | AL24: P | AM24: P | AN24: Feriado | AO24: P | AP24: P | AQ24: P | AR24: P | AS24: P | AT24: FÉRIAS | AU24: P | AV24: P | AW24: P | AX24: P | AY24: P | AZ24: P | BA24: P | BB24: P | BC24: P | BD24: P | BE24: P | BF24: P | BG24: FERIADO | BH24: P | BI24: P | BJ24: P | BK24: P | BL24: P | BM24: P | BN24: P | BO24: P | BP24: P | BQ24: FERIADO | BR24: REMOTO | BS24: P | BT24: P | BU24: P | BV24: P
A25: =alunos!A24 -> 26132265 | B25: Nicolas Augusto dos Reis Lira | C25: 23 | D25: P | E25: P | F25: P | G25: P | H25: P | I25: P | J25: Carnaval | K25: P | L25: P | M25: P | N25: P | O25: P | P25: P | Q25: P | R25: P | S25: P | T25: P | U25: P | V25: P | W25: P | X25: P | Y25: P | Z25: P | AA25: feriado | AB25: P | AC25: P | AD25: P | AE25: P | AF25: P | AG25: P | AH25: P | AI25: P | AJ25: P | AK25: P | AL25: P | AM25: P | AN25: Feriado | AO25: P | AP25: P | AQ25: P | AR25: P | AS25: P | AT25: FÉRIAS | AU25: P | AV25: P | AW25: P | AX25: P | AY25: P | AZ25: P | BA25: P | BB25: P | BC25: P | BD25: P | BE25: P | BF25: P | BG25: FERIADO | BH25: P | BI25: P | BJ25: P | BK25: P | BL25: P | BM25: P | BN25: P | BO25: P | BP25: P | BQ25: FERIADO | BR25: REMOTO | BS25: F | BT25: P | BU25: P | BV25: P
A26: =alunos!A25 -> 26132252 | B26: Otávio Augusto Barbosa | C26: 24 | D26: P | E26: P | F26: P | G26: P | H26: P | I26: P | J26: Carnaval | K26: P | L26: P | M26: P | N26: P | O26: P | P26: P | Q26: P | R26: P | S26: P | T26: P | U26: P | V26: P | W26: P | X26: P | Y26: P | Z26: P | AA26: feriado | AB26: P | AC26: P | AD26: F | AE26: P | AF26: P | AG26: P | AH26: P | AI26: P | AJ26: P | AK26: P | AL26: P | AM26: P | AN26: Feriado | AO26: P | AP26: F | AQ26: F | AR26: P | AS26: P | AT26: FÉRIAS | AU26: P | AV26: P | AW26: P | AX26: P | AY26: P | AZ26: P | BA26: P/5 | BB26: P | BC26: P/8 | BD26: F | BE26: P/5 | BF26: P | BG26: FERIADO | BH26: F | BI26: P | BJ26: P | BK26: P | BL26: P | BM26: P | BN26: P | BO26: P | BP26: P | BQ26: FERIADO | BR26: REMOTO | BS26: P | BT26: F | BU26: P | BV26: P
A27: =alunos!A26 -> 26132242 | B27: Pedro Henrique Souza Guarizo | C27: 25 | D27: P | E27: P | F27: P | G27: P | H27: P | I27: P | J27: Carnaval | K27: P | L27: P | M27: P | N27: P | O27: P | P27: P | Q27: P | R27: P | S27: P | T27: P | U27: P | V27: P | W27: P | X27: P | Y27: P | Z27: P | AA27: feriado | AB27: P | AC27: P | AD27: P | AE27: P | AF27: P | AG27: P | AH27: P | AI27: P | AJ27: P | AK27: P | AL27: P | AM27: P | AN27: Feriado | AO27: P | AP27: P | AQ27: P | AR27: P | AS27: P | AT27: FÉRIAS | AU27: F | AV27: P | AW27: P | AX27: P | AY27: 3/P | AZ27: P | BA27: P | BB27: P | BC27: P | BD27: P | BE27: P | BF27: P | BG27: FERIADO | BH27: P | BI27: P | BJ27: P | BK27: P | BL27: P | BM27: P | BN27: P | BO27: P | BP27: P | BQ27: FERIADO | BR27: REMOTO | BS27: P | BT27: P | BU27: P | BV27: P
A28: =alunos!A27 -> 26132240 | B28: Renan Pavan Fazullo | C28: 26 | D28: P | E28: P | F28: P | G28: P | H28: P | I28: P | J28: Carnaval | K28: P | L28: P | M28: P | N28: P | O28: P | P28: P | Q28: P | R28: P | S28: P | T28: P | U28: P | V28: P | W28: P | X28: P | Y28: P | Z28: P | AA28: feriado | AB28: P | AC28: P | AD28: P | AE28: P | AF28: P | AG28: P | AH28: P | AI28: P | AJ28: P | AK28: P | AL28: P | AM28: P | AN28: Feriado | AO28: P | AP28: P | AQ28: P | AR28: P | AS28: P | AT28: FÉRIAS | AU28: P | AV28: P | AW28: p5 | AX28: F | AY28: P | AZ28: P | BA28: P | BB28: P | BC28: P | BD28: P | BE28: P | BF28: P | BG28: FERIADO | BH28: P | BI28: P | BJ28: P | BK28: P | BL28: P | BM28: P | BN28: P | BO28: P | BP28: P | BQ28: FERIADO | BR28: REMOTO | BS28: P | BT28: P | BU28: P | BV28: P
A29: =alunos!A28 -> 26133022 | B29: Samyra Leite da Silva Ferreira | C29: 27 | G29: P | H29: P | I29: P | J29: Carnaval | K29: P | L29: P | M29: P | N29: P | O29: P | P29: P | Q29: P | R29: P | S29: P | T29: P | U29: P | V29: P | W29: P | X29: P | Y29: P | Z29: F | AA29: feriado | AB29: P | AC29: P | AD29: P | AE29: P | AF29: P | AG29: P | AH29: P | AI29: P | AJ29: F | AK29: P | AL29: P | AM29: F | AN29: Feriado | AO29: P | AP29: P / 5F | AQ29: P | AR29: P | AS29: P | AT29: FÉRIAS | AU29: P | AV29: P | AW29: P | AX29: P | AY29: P | AZ29: P | BA29: P/5 | BB29: P | BC29: P/5 | BD29: P | BE29: P | BF29: P | BG29: FERIADO | BH29: F | BI29: P | BJ29: P | BK29: P | BL29: P | BM29: P | BN29: P | BO29: P | BP29: P | BQ29: FERIADO | BR29: REMOTO | BS29: F | BT29: P | BU29: F | BV29: P
A30: =alunos!A29 -> 26132250 | B30: Sara de Paula Souza | C30: 28 | D30: P | E30: P | F30: P | G30: P | H30: P | I30: P | J30: Carnaval | K30: P | L30: P | M30: P | N30: P | O30: P | P30: P | Q30: P | R30: P | S30: P | T30: P | U30: P | V30: P | W30: P | X30: P | Y30: P | Z30: P | AA30: feriado | AB30: P | AC30: P | AD30: P | AE30: P | AF30: P | AG30: P | AH30: P | AI30: P | AJ30: P | AK30: P | AL30: P | AM30: P | AN30: Feriado | AO30: P | AP30: P | AQ30: P | AR30: P | AS30: P | AT30: FÉRIAS | AU30: P | AV30: P | AW30: P | AX30: P | AY30: P | AZ30: P | BA30: P | BB30: P | BC30: P | BD30: P | BE30: P | BF30: P | BG30: FERIADO | BH30: P | BI30: P | 5F | BJ30: P | BK30: P | BL30: P | BM30: P | BN30: P | BO30: P | BP30: P | BQ30: FERIADO | BR30: REMOTO | BS30: P | BT30: P | BU30: P | BV30: P
A31: =alunos!A30 -> 26132238 | B31: Sofia Ohashi Faria | C31: 29 | D31: P | E31: P | F31: P | G31: P | H31: P | I31: P | J31: Carnaval | K31: P | L31: P | M31: P | N31: P | O31: P | P31: P | Q31: P | R31: P | S31: P | T31: P | U31: P | V31: P | W31: P | X31: P | Y31: P | Z31: P | AA31: feriado | AB31: P | AC31: P | AD31: P | AE31: P | AF31: P | AG31: P | AH31: P | AI31: P | AJ31: P | AK31: P | AL31: P | AM31: P | AN31: Feriado | AO31: P | AP31: P | AQ31: F | AR31: P | AS31: P | AT31: FÉRIAS | AU31: P | AV31: P | AW31: P | AX31: P | AY31: P | AZ31: P | BA31: P | BB31: P | BC31: P | BD31: P | BE31: P | BF31: P | BG31: FERIADO | BH31: P | BI31: P | BJ31: P | BK31: P | BL31: P | BM31: P/5 | BN31: P | BO31: P | BP31: P | BQ31: FERIADO | BR31: REMOTO | BS31: P | BT31: P | BU31: P | BV31: P
A32: =alunos!A31 -> 26132275 | B32: Tobias Gabriel Bueno de Godoi | C32: 30 | D32: P | E32: P | F32: P | G32: P | H32: P | I32: P | J32: Carnaval | K32: P | L32: P | M32: P | N32: P | O32: P | P32: P | Q32: P | R32: P | S32: P | T32: P | U32: P | V32: P | W32: F | X32: P | Y32: P | Z32: P | AA32: feriado | AB32: P | AC32: P | AD32: P | AE32: P | AF32: P | AG32: P | AH32: P | AI32: P | AJ32: P | AK32: P | AL32: P | AM32: P | AN32: Feriado | AO32: P | AP32: P | AQ32: P | AR32: P | AS32: P | AT32: FÉRIAS | AU32: P | AV32: P | AW32: P | AX32: P | AY32: P | AZ32: P | BA32: P | BB32: F | BC32: P | BD32: P | BE32: P | BF32: P | BG32: FERIADO | BH32: P | BI32: P | BJ32: P | BK32: P | BL32: P | BM32: P | BN32: F | BO32: P | BP32: P | BQ32: FERIADO | BR32: REMOTO | BS32: P | BT32: P | BU32: P | BV32: P | 5F
A33: =alunos!A32 -> 26132256 | B33: Víctor Henrique Santana Alves | C33: 31 | D33: P | E33: P | F33: P | G33: P | H33: P | I33: P | J33: Carnaval | K33: P | L33: P | M33: P | N33: P | O33: P | P33: P | Q33: P | R33: P | S33: P | T33: P | U33: P | V33: P | W33: P | X33: F | Y33: P | Z33: P | AA33: feriado | AB33: P | AC33: P | AD33: P | AE33: P | AF33: P | AG33: P | AH33: P | AI33: P | AJ33: P | AK33: P | AL33: P | AM33: P | AN33: Feriado | AO33: P | AP33: P | AQ33: P | AR33: P | AS33: P | AT33: FÉRIAS | AU33: P | AV33: P | AW33: P | AX33: P | AY33: P | AZ33: P | BA33: P | BB33: P | BC33: P | BD33: P | BE33: P | BF33: P | BG33: FERIADO | BH33: P | BI33: P | BJ33: P | BK33: P | BL33: P | BM33: P | BN33: P | BO33: P | BP33: P | BQ33: FERIADO | BR33: REMOTO | BS33: P | BT33: P | BU33: P | BV33: P
A34: =alunos!A33 -> 26132304 | B34: Vitória Bueno da Silva | C34: 32 | D34: P | E34: P | F34: P | G34: P | H34: P | I34: P | J34: Carnaval | K34: P | L34: P | M34: P | N34: P | O34: P | P34: P | Q34: P | R34: P | S34: P | T34: P | U34: P | V34: P | W34: P | X34: P | Y34: P | Z34: P | AA34: feriado | AB34: P | AC34: P | AD34: P | AE34: P | AF34: P | AG34: P | AH34: P | AI34: P | AJ34: P | AK34: P | AL34: P | AM34: P | AN34: Feriado | AO34: P | AP34: P | AQ34: P | AR34: P | AS34: P | AT34: FÉRIAS | AU34: P | AV34: P | AW34: P | AX34: P | AY34: P | AZ34: P | BA34: P | BB34: P | BC34: P | BD34: P | BE34: P | BF34: P | BG34: FERIADO | BH34: P | BI34: P | BJ34: P | BK34: P | BL34: P | BM34: P | BN34: P | BO34: P | BP34: P | BQ34: FERIADO | BR34: REMOTO | BS34: P | BT34: P | BU34: P | BV34: P

Sheet alunos
A1: RM | B1: Aluno | C1: 46287
A2: 26132246 | B2: Ana Beatriz Alves de Lima | C2: ok
A3: 26132200 | B3: Bianca Giovedy Pagotto | C3: saida antecipada
A4: 26132302 | B4: Breno Frazão Callegari | C4: ok
A5: 26132277 | B5: Davi Cruz Oliveira | C5: saida antecipada
A6: 26132197 | B6: Eduardo Moretti Varotti | C6: ok
A7: 26132286 | B7: Gabriela Leticia da Silva | C7: ok
A8: 26132281 | B8: Geovanna Martins Bertuol | C8: saida antecipada
A9: 26132340 | B9: Giulia de Godoi Silveira | C9: saida antecipada
A10: 26133020 | B10: Giuseppe de Moraes Vieira | C10: saida antecipada
A11: 26132271 | B11: Gustavo Ferelli | C11: saida antecipada
A12: 26132244 | B12: Heitor Dorigan de Angeli | C12: saida antecipada
A13: 26132204 | B13: Helena Politti Rossi | C13: ok
... A33: 26132304 | B33: Vitória Bueno da Silva | C33: ok

Sheet vistos
A2: Aluno
A3: =alunos!B2 -> Ana Beatriz Alves de Lima
A4: =alunos!B3 -> Bianca Giovedy Pagotto
A5: =alunos!B4 -> Breno Frazão Callegari
A6: =alunos!B5 -> Davi Cruz Oliveira
A7: =alunos!B6 -> Eduardo Moretti Varotti
A8: =alunos!B7 -> Gabriela Leticia da Silva
A9: =alunos!B8 -> Geovanna Martins Bertuol
A10: =alunos!B9 -> Giulia de Godoi Silveira
A11: =alunos!B10 -> Giuseppe de Moraes Vieira
A12: =alunos!B11 -> Gustavo Ferelli
A13: =alunos!B12 -> Heitor Dorigan de Angeli
A14: =alunos!B13 -> Helena Politti Rossi
... A34: =alunos!B33 -> Vitória Bueno da Silva
