Workbook

Sheet chamada
D1: QUA | E1: SEX | F1: QUA | G1: SEX | H1: QUA | I1: SEX | J1: QUA | K1: SEX | L1: QUA | M1: SEX | N1: QUA | O1: SEX | P1: QUA | Q1: SEX | R1: QUA | S1: SEX | T1: QUA | U1: SEX | V1: QUA | W1: SEX | X1: QUA | Y1: SEX | Z1: QUA | AA1: SEX | AB1: QUA | AC1: SEX | AD1: QUA | AE1: SEX | AF1: QUA | AG1: SEX | AH1: QUA | AI1: SEX | AJ1: QUA | AK1: SEX | AL1: QUA | AM1: SEX | AN1: QUA | AO1: SEX | AP1: QUA | AQ1: SEX | AR1: FÉRIAS | AS1: SEX | AT1: QUA | AU1: SEX | AV1: QUA | AW1: SEX | AX1: QUA | AY1: SEX | AZ1: QUA | BA1: SEX | BB1: QUA | BC1: SEX | BD1: QUA | BE1: SEX | BF1: QUA | BG1: SEX | BH1: QUA | BI1: SEX | BJ1: QUA | BK1: SEX | BL1: QUA | BM1: SEX | BN1: QUA | BO1: SEX | BP1: QUA | BQ1: SEX | BR1: QUA | BS1: SEX
A2: RM | B2: Aluno | C2: Orden | D2: 46050 | E2: 46052 | F2: 46057 | G2: 46059 | H2: 46064 | I2: 46073 | J2: 46078 | K2: 46080 | L2: 46085 | M2: 46087 | N2: 46092 | O2: 46094 | P2: 46099 | Q2: 46101 | R2: 46106 | S2: 46108 | T2: 46113 | U2: 46084 | V2: 46120 | W2: 46122 | X2: 46127 | Y2: 46129 | Z2: 46134 | AA2: 46136 | AB2: 46141 | AC2: 46143 | AD2: 46148 | AE2: 46150 | AF2: 46155 | AG2: 46157 | AH2: 46162 | AI2: 46164 | AJ2: 46169 | AK2: 46171 | AL2: 46176 | AM2: 5 | AN2: 46183 | AO2: 46185 | AP2: 46190 | AQ2: 46192 | AR2: FÉRIAS | AS2: 46227 | AT2: 46232 | AU2: 46234 | AV2: 46239 | AW2: 46241 | AX2: 46246 | AY2: 46248 | AZ2: 46253 | BA2: 46255 | BB2: 46260 | BC2: 46262 | BD2: 46267 | BE2: 46269 | BF2: 46274 | BG2: 46276 | BH2: 46281 | BI2: 46283 | BJ2: 46288 | BK2: 46290 | BL2: 46295 | BM2: 46297 | BN2: 46302 | BO2: 46304 | BP2: 46309 | BQ2: 46311 | BR2: 46316
A3: =alunos!A2 -> 25130313 | B3: =alunos!B2 -> Beatriz Albuquerque Marcondes Dos Santos | C3: 1 | D3: P | E3: P | F3: P | G3: P | H3: P | I3: P | J3: P | K3: P | L3: P | M3: P | N3: P | O3: P | P3: P | Q3: P | R3: P | S3: P | T3: P | U3: feriado | V3: aniver | W3: P | X3: P | Y3: P | Z3: P | AA3: P | AB3: P | AC3: feriado | AD3: P | AE3: P | AF3: P | AG3: P | AH3: P | AI3: P | AJ3: P | AK3: P | AL3: P | AM3: Feriado | AN3: P | AO3: P | AP3: P | AQ3: P | AR3: FÉRIAS | AT3: P | AU3: P | AV3: P | AW3: P | AX3: P | AY3: P | AZ3: P | BA3: P | BB3: P | BC3: P | BD3: P | BE3: P | BF3: P | BG3: P | BH3: P | BI3: P | BJ3: P | BK3: P | BL3: P | BM3: P | BN3: P | BO3: P | BP3: P | BQ3: P | BR3: P
A4: =alunos!A3 -> 25129077 | B4: =alunos!B3 -> Clara Andrzejewky Antonacci | C4: 2 | D4: P | E4: P | F4: P | G4: P | H4: P | I4: P | J4: P | K4: P | L4: P | M4: P | N4: P | O4: P | P4: P | Q4: P | R4: P | S4: P | T4: P | U4: feriado | V4: aniver | W4: P | X4: P | Y4: P | Z4: P | AA4: P | AB4: P | AC4: feriado | AD4: P | AE4: P | AF4: P | AG4: P | AH4: P | AI4: P | AJ4: P | AK4: P | AL4: P | AM4: Feriado | AN4: P | AO4: P | AP4: P | AQ4: P | AR4: FÉRIAS | AT4: P | AU4: P | AV4: P | AW4: P | AX4: P | AY4: P | AZ4: P | BA4: P | BB4: P | BC4: P | BD4: P | BE4: P | BF4: P | BG4: P | BH4: P | BI4: F | BJ4: P | BK4: P | BL4: P | BM4: P | BN4: P | BO4: P | BP4: P | BQ4: P | BR4: P
A5: =alunos!A4 -> 25129045 | B5: =alunos!B4 -> Elisa Marielle de Oliveira Carvalho | C5: 3 | D5: P | E5: P | F5: P | G5: P | H5: P | I5: P | J5: P | K5: P | L5: P | M5: P | N5: P | O5: P | P5: P | Q5: P | R5: P | S5: P | T5: P | U5: feriado | V5: aniver | W5: P | X5: P | Y5: P | Z5: P | AA5: P | AB5: P | AC5: feriado | AD5: P | AE5: P | AF5: P | AG5: P | AH5: P | AI5: P | AJ5: P | AK5: P | AL5: P | AM5: Feriado | AN5: P | AO5: P | AP5: P | AQ5: P | AR5: FÉRIAS | AT5: P | AU5: P | AV5: P | AW5: P | AX5: P | AY5: P | AZ5: P | BA5: P | BB5: P | BC5: P | BD5: P | BE5: P | BF5: P | BG5: P | BH5: P | BI5: P | BJ5: P | BK5: P | BL5: P | BM5: P | BN5: P | BO5: P | BP5: P | BQ5: P | BR5: P
A6: =alunos!A5 -> 25129967 | B6: =alunos!B5 -> Francisco de Paula Souza | C6: 4 | D6: P | E6: P | F6: P | G6: P | H6: P | I6: P | J6: P | K6: P | L6: P | M6: P | N6: P | O6: P | P6: P | Q6: P | R6: P | S6: P | T6: P | U6: feriado | V6: aniver | W6: P | X6: P | Y6: P | Z6: P | AA6: P | AB6: P | AC6: feriado | AD6: P | AE6: P | AF6: P | AG6: P | AH6: P | AI6: P | AJ6: P | AK6: P | AL6: P | AM6: Feriado | AN6: P | AO6: P | AP6: P | AQ6: P | AR6: FÉRIAS | AT6: P | AU6: P | AV6: P | AW6: P | AX6: P | AY6: P | AZ6: P | BA6: P | BB6: P | BC6: P | BD6: P | BE6: P | BF6: P | BG6: P | BH6: P | BI6: P | BJ6: P | BK6: P | BL6: P | BM6: P | BN6: P | BO6: P | BP6: P | BQ6: P | BR6: P
A7: =alunos!A6 -> 25129049 | B7: =alunos!B6 -> Gabriela Caroline da Silva | C7: 5 | D7: P | E7: P | F7: P | G7: P | H7: P | I7: P | J7: P | K7: P | L7: P | M7: P | N7: P | O7: P | P7: P | Q7: P | R7: P | S7: P | T7: P | U7: feriado | V7: aniver | W7: P | X7: P | Y7: P | Z7: P | AA7: P | AB7: P | AC7: feriado | AD7: P | AE7: P | AF7: P | AG7: P | AH7: P | AI7: P | AJ7: P | AK7: P | AL7: P | AM7: Feriado | AN7: P | AO7: P | AP7: P | AQ7: P | AR7: FÉRIAS | AT7: P | AU7: P | AV7: P | AW7: P | AX7: P | AY7: P | AZ7: P | BA7: P | BB7: P | BC7: P | BD7: P | BE7: 5F | P | BF7: P | BG7: P | BH7: P | BI7: 5P | F | BJ7: P | BK7: P | BL7: P | BM7: P/5F | BN7: P | BO7: P | BP7: P | BQ7: P | BR7: P
A8: =alunos!A7 -> 25129051 | B8: =alunos!B7 -> Giovana Corrêa | C8: 6 | D8: P | E8: P | F8: P | G8: P | H8: P | I8: P | J8: P | K8: P | L8: P | M8: P | N8: P | O8: P | P8: P | Q8: P | R8: P | S8: P | T8: P | U8: feriado | V8: aniver | W8: F | X8: P | Y8: P | Z8: P | AA8: P | AB8: P | AC8: feriado | AD8: P | AE8: P | AF8: P | AG8: P | AH8: P | AI8: P | AJ8: P | AK8: P | AL8: P | AM8: Feriado | AN8: P | AO8: P | AP8: P | AQ8: P | AR8: FÉRIAS | AT8: P | AU8: P | AV8: P | AW8: P | AX8: P | AY8: P | AZ8: P | BA8: P | BB8: P | BC8: P | BD8: P | BE8: P | BF8: P | BG8: P | BH8: P | BI8: P | BJ8: P | BK8: P | BL8: P | BM8: P | BN8: P | BO8: P | BP8: P | BQ8: P | BR8: P
A9: =alunos!A8 -> 25129087 | B9: =alunos!B8 -> Ítalo Mozer de Souza | C9: 7 | D9: P | E9: P | F9: P/5 | G9: P | H9: P | I9: P | J9: P | K9: P | L9: P | M9: P | N9: P | O9: P | P9: P | Q9: P | R9: P | S9: F | T9: P | U9: feriado | V9: aniver | W9: P | X9: P | Y9: F | Z9: P | AA9: P | AB9: P | AC9: feriado | AD9: P | AE9: P | AF9: P | AG9: P | AH9: P | AI9: P | AJ9: P | AK9: P | AL9: P | AM9: Feriado | AN9: P | AO9: P | AP9: P | AQ9: P | AR9: FÉRIAS | AT9: P | AU9: P | AV9: P | AW9: P | AX9: P | AY9: P | AZ9: P | BA9: P | BB9: P | BC9: P | BD9: P | BE9: P | BF9: P | BG9: P | BH9: P | BI9: P | BJ9: P | BK9: P | BL9: P | BM9: P | BN9: P | BO9: P | BP9: P | BQ9: P | BR9: P
A10: =alunos!A9 -> 25129053 | B10: =alunos!B9 -> João Vitor Franco Tandello | C10: 8 | D10: P | E10: P | F10: P | G10: P | H10: P | I10: P | J10: P | K10: P | L10: P | M10: P | N10: P | O10: P | P10: P | Q10: P | R10: P | S10: P | T10: P | U10: feriado | V10: aniver | W10: P | X10: P | Y10: P | Z10: P | AA10: P | AB10: P | AC10: feriado | AD10: P | AE10: P | AF10: P | AG10: P | AH10: P | AI10: P | AJ10: P | AK10: P | AL10: P | AM10: Feriado | AN10: P | AO10: P | AP10: P | AQ10: P | AR10: FÉRIAS | AT10: P | AU10: P | AV10: P | AW10: P | AX10: P | AY10: P | AZ10: P | BA10: P | BB10: P | BC10: P | BD10: P | BE10: 5F | P | BF10: P | BG10: P | BH10: P | BI10: P | BJ10: P | BK10: P | BL10: P | BM10: P | BN10: P | BO10: P | BP10: P | BQ10: P | BR10: P
A11: =alunos!A10 -> 25129055 | B11: =alunos!B10 -> Júlia Gabrielly da Silva Gonzaga | C11: 9 | D11: P | E11: P | F11: P | G11: P | H11: P | I11: P | J11: P | K11: P | L11: P | M11: P | N11: P | O11: P | P11: P | Q11: P | R11: P | S11: P | T11: P | U11: feriado | V11: aniver | W11: P | X11: P | Y11: P | Z11: P | AA11: P | AB11: P | AC11: feriado | AD11: P | AE11: P | AF11: P | AG11: P | AH11: P | AI11: P | AJ11: P | AK11: P | AL11: P | AM11: Feriado | AN11: P | AO11: P | AP11: P | AQ11: P | AR11: FÉRIAS | AT11: P | AU11: P | AV11: P | AW11: P | AX11: P | AY11: P | AZ11: P | BA11: P | BB11: P | BC11: P | BD11: P | BE11: P | BF11: P | BG11: P | BH11: P | BI11: F | BJ11: P | BK11: P | BL11: P | BM11: P | BN11: P | BO11: P | BP11: P | BQ11: P | BR11: P
A12: =alunos!A11 -> 25129178 | B12: =alunos!B11 -> Julia Novo de Souza | C12: 10 | D12: P | E12: P | F12: P | G12: P | H12: P | I12: P | J12: P | K12: P | L12: P | M12: P | N12: P | O12: P | P12: P | Q12: P | R12: P | S12: P | T12: P | U12: feriado | V12: aniver | W12: P | X12: P | Y12: P | Z12: P | AA12: P | AB12: P | AC12: feriado | AD12: P | AE12: P | AF12: P | AG12: P | AH12: P | AI12: P | AJ12: F | AK12: P | AL12: P | AM12: Feriado | AN12: P | AO12: P | AP12: P | AQ12: P | AR12: FÉRIAS | AS12: F | AT12: P | AU12: F | AV12: P | AW12: P | AX12: P | AY12: P | AZ12: P | BA12: F | BB12: F | BC12: F | BD12: F | BE12: F | BF12: P | BG12: P | BH12: P | BI12: 5P | F | BJ12: P | BK12: P | BL12: F | BM12: P | BN12: P | BO12: P | BP12: P | BQ12: P | BR12: P
A13: =alunos!A12 -> 25129089 | B13: =alunos!B12 -> Juliano Rafael Brolezzi Moraes | C13: 11 | D13: P | E13: P | F13: P | G13: P | H13: P | I13: P | J13: P | K13: P | L13: P | M13: P | N13: P | O13: P | P13: P | Q13: P | R13: P | S13: P | T13: P | U13: feriado | V13: aniver | W13: P | X13: P | Y13: P | Z13: P | AA13: P | AB13: P | AC13: feriado | AD13: P | AE13: P | AF13: P | AG13: P | AH13: P | AI13: P | AJ13: P | AK13: P | AL13: P | AM13: Feriado | AN13: P | AO13: P | AP13: P | AQ13: P | AR13: FÉRIAS | AT13: P | AU13: P | AV13: P | AW13: P | AX13: P | AY13: P | AZ13: 3F | P | BA13: P | BB13: P | BC13: P | BD13: P | BE13: P | BF13: P | BG13: P | BH13: P | BI13: P | BJ13: P | BK13: P | BL13: P | BM13: P | BN13: P | BO13: P | BP13: P | BQ13: P | BR13: P
A14: =alunos!A13 -> 25129057 | B14: =alunos!B13 -> Kaique Gonçanvel Pavan | C14: 12 | D14: P | E14: P | F14: P | G14: P | H14: P | I14: F | J14: P | K14: P | L14: P | M14: P | N14: P | O14: P | P14: P | Q14: P | R14: 4P | S14: F | T14: P | U14: feriado | V14: aniver | W14: P | X14: P | Y14: P | Z14: P | AA14: P | AB14: P | AC14: feriado | AD14: P | AE14: P | AF14: P | AG14: P | AH14: P | AI14: P | AJ14: P | AK14: P | AL14: F | AM14: Feriado | AN14: P | AO14: P | AP14: P | AQ14: P | AR14: FÉRIAS | AT14: P | AU14: P | AV14: F | AW14: F | AX14: P | AY14: P | AZ14: P | BA14: P | BB14: P | BC14: P | BD14: P | BE14: P | BF14: P | BG14: P | BH14: P | BI14: P | BJ14: P | BK14: P | BL14: P | BM14: P | BN14: P | BO14: P | BP14: P | BQ14: P | BR14: P
A15: =alunos!A14 -> 25129091 | B15: =alunos!B14 -> Leandro Saltorato Júnior | C15: 13 | D15: P | E15: P | F15: P | G15: P | H15: P | I15: P | J15: P | K15: P | L15: P | M15: P | N15: P | O15: P | P15: P | Q15: P | R15: P | S15: P | T15: P | U15: feriado | V15: aniver | W15: P | X15: P | Y15: P | Z15: P | AA15: P | AB15: P | AC15: feriado | AD15: P | AE15: P | AF15: P | AG15: P | AH15: P | AI15: P | AJ15: P | AK15: P | AL15: P | AM15: Feriado | AN15: F | AO15: F | AP15: P | AQ15: P | AR15: FÉRIAS | AT15: P | AU15: P | AV15: P | AW15: P | AX15: P | AY15: P | AZ15: P | BA15: P | BB15: P | BC15: P | BD15: P | BE15: P | BF15: P | BG15: P | BH15: P | BI15: P | BJ15: P | BK15: P | BL15: P | BM15: P | BN15: P | BO15: P | BP15: P | BQ15: P | BR15: P
A16: =alunos!A15 -> 25129123 | B16: =alunos!B15 -> Letícia Corrêa da Silva | C16: 14 | D16: P | E16: P | F16: P | G16: P | H16: P | I16: P | J16: P | K16: P | L16: P | M16: P | N16: P | O16: P | P16: P | Q16: P | R16: P | S16: P | T16: P | U16: feriado | V16: aniver | W16: P | X16: P | Y16: P | Z16: P | AA16: 4P/4F | AB16: P | AC16: feriado | AD16: P | AE16: P | AF16: P | AG16: P | AH16: P | AI16: P | AJ16: P | AK16: P | AL16: P | AM16: Feriado | AN16: P | AO16: P | AP16: P | AQ16: P | AR16: FÉRIAS | AT16: P | AU16: P | AV16: P | AW16: P | AX16: P | AY16: P | AZ16: P | BA16: P | BB16: P | BC16: F | BD16: P | BE16: P | BF16: P | BG16: 5P | F | BH16: P | BI16: P | BJ16: P | BK16: P | BL16: P | BM16: P | BN16: P | BO16: P | BP16: P | BQ16: P | BR16: P
A17: =alunos!A16 -> 25129059 | B17: =alunos!B16 -> Luís Henrique Preira da Silva | C17: 15 | D17: P | E17: P | F17: P | G17: P | H17: P | I17: P | J17: P | K17: P | L17: P | M17: P | N17: P | O17: P | P17: P | Q17: P | R17: P | S17: P | T17: F | U17: feriado | V17: aniver | W17: P | X17: P | Y17: P | Z17: P | AA17: P | AB17: P | AC17: feriado | AD17: P | AE17: P | AF17: P | AG17: P | AH17: P | AI17: P | AJ17: P | AK17: P | AL17: P | AM17: Feriado | AN17: P | AO17: P | AP17: P | AQ17: P | AR17: FÉRIAS | AT17: P | AU17: P | AV17: P | AW17: P | AX17: P | AY17: P | AZ17: P | BA17: P | BB17: F | BC17: P | BD17: P | BE17: P | BF17: P | BG17: P | BH17: P | BI17: P | BJ17: P | BK17: P | BL17: P | BM17: P | BN17: P | BO17: P | BP17: P | BQ17: P | BR17: F
A18: =alunos!A17 -> 25129061 | B18: =alunos!B17 -> Luís Otávio Scorcer da Silva | C18: 16 | D18: P | E18: P | F18: P | G18: P | H18: P | I18: P | J18: P | K18: P | L18: P | M18: P | N18: P | O18: P | P18: P | Q18: P | R18: P | S18: P | T18: P | U18: feriado | V18: aniver | W18: P | X18: P | Y18: F | Z18: P | AA18: P | AB18: P | AC18: feriado | AD18: P | AE18: P | AF18: P | AG18: P | AH18: P | AI18: P | AJ18: P | AK18: P | AL18: P | AM18: Feriado | AN18: P | AO18: P | AP18: P | AQ18: P | AR18: FÉRIAS | AT18: P | AU18: P | AV18: P | AW18: P | AX18: P | AY18: P | AZ18: P | BA18: P | BB18: P | BC18: P | BD18: P | BE18: P | BF18: P | BG18: P | BH18: P | BI18: P | BJ18: P | BK18: P | BL18: P | BM18: P | BN18: P | BO18: P | BP18: P | BQ18: P | BR18: P
A19: =alunos!A18 -> 25129095 | B19: =alunos!B18 -> Luiza Amaral Corazin | C19: 17 | D19: P | E19: P | F19: P | G19: P | H19: P | I19: P | J19: P | K19: P | L19: P | M19: P | N19: P | O19: P | P19: P | Q19: P | R19: P | S19: P | T19: P | U19: feriado | V19: aniver | W19: P | X19: P | Y19: P | Z19: P | AA19: P | AB19: P | AC19: feriado | AD19: P | AE19: P | AF19: P | AG19: P | AH19: P | AI19: P | AJ19: P | AK19: P | AL19: P | AM19: Feriado | AN19: P | AO19: P | AP19: P | AQ19: P | AR19: FÉRIAS | AT19: P | AU19: P | AV19: P | AW19: P | AX19: P | AY19: P | AZ19: P | BA19: F | BB19: P | BC19: P | BD19: P | BE19: F | BF19: P/5 | BG19: P | BH19: P | BI19: P | BJ19: P | BK19: P | BL19: P | BM19: P | BN19: P | BO19: P | BP19: P | BQ19: P | BR19: P
A20: =alunos!A19 -> 25130299 | B20: =alunos!B19 -> Maria Fernanda Moraes de Oliveira | C20: 18 | D20: P | E20: P | F20: P | G20: P | H20: P | I20: P | J20: P | K20: P | L20: P | M20: P | N20: P | O20: P | P20: P | Q20: P | R20: P | S20: P | T20: P | U20: feriado | V20: aniver | W20: P | X20: P | Y20: P | Z20: P | AA20: P | AB20: P | AC20: feriado | AD20: P | AE20: P | AF20: P | AG20: P | AH20: P | AI20: P | AJ20: P | AK20: P | AL20: P | AM20: Feriado | AN20: P | AO20: P | AP20: P | AQ20: P | AR20: FÉRIAS | AT20: P | AU20: P | AV20: P | AW20: P | AX20: P | AY20: P | AZ20: P | BA20: P | BB20: P | BC20: P | BD20: P | BE20: P | BF20: P | BG20: P | BH20: P | BI20: 5P | F | BJ20: P | BK20: P | BL20: P | BM20: P | BN20: P | BO20: P | BP20: P | BQ20: P | BR20: P
A21: =alunos!A20 -> 25129249 | B21: =alunos!B20 -> Mariana Costa de Carvalho | C21: 19 | D21: P | E21: P | F21: P | G21: P | H21: P | I21: P | J21: P | K21: P | L21: P/2 | M21: P | N21: P | O21: P | P21: P | Q21: P | R21: 4P | S21: P | T21: P | U21: feriado | V21: aniver | W21: P | X21: P | Y21: P | Z21: P | AA21: P | AB21: P | AC21: feriado | AD21: P | AE21: P | AF21: P | AG21: P | AH21: P | AI21: P/5 | AJ21: P | AK21: P | AL21: P | AM21: Feriado | AN21: P | AO21: P | AP21: P | AQ21: P | AR21: FÉRIAS | AT21: F | AU21: P | AV21: P | AW21: P | AX21: P | AY21: P | AZ21: P | BA21: P | BB21: P | BC21: P | BD21: P | BE21: P | BF21: 5/P | BG21: 3F | P | BH21: P | BI21: P | BJ21: P | BK21: P | BL21: P/5 | BM21: P | BN21: P | BO21: P | BP21: P | BQ21: P | BR21: F
A22: =alunos!A21 -> 25129970 | B22: =alunos!B21 -> Marina Defendi | C22: 20 | D22: P | E22: P | F22: P | G22: P | H22: P | I22: P | J22: P | K22: P | L22: P | M22: P | N22: P | O22: F | P22: P | Q22: P | R22: P | S22: P | T22: P | U22: feriado | V22: aniver | W22: P | X22: P | Y22: P | Z22: P | AA22: F | AB22: P | AC22: feriado | AD22: P | AE22: P | AF22: P | AG22: P | AH22: P | AI22: P | AJ22: P | AK22: P | AL22: P | AM22: Feriado | AN22: P | AO22: P | AP22: P/5 | AQ22: P | AR22: FÉRIAS | AT22: P | AU22: P | AV22: P | AW22: F | AX22: P | AY22: P | AZ22: P | BA22: P | BB22: P | BC22: P | BD22: P | BE22: P | BF22: P | BG22: P | BH22: P | BI22: F | BJ22: P | BK22: P | BL22: F | BM22: F | BN22: P | BO22: P | BP22: P | BQ22: P | BR22: P/5
A23: =alunos!A22 -> 25130290 | B23: =alunos!B22 -> Matheus Henrique Salles Spineli | C23: 21 | D23: P | E23: P | F23: P | G23: P | H23: P | I23: P | J23: P | K23: P | L23: P | M23: P | N23: P | O23: P | P23: P | Q23: P | R23: P | S23: F | T23: P | U23: feriado | V23: aniver | W23: P | X23: P | Y23: P | Z23: P | AA23: P | AB23: P | AC23: feriado | AD23: P | AE23: P | AF23: P | AG23: P | AH23: P | AI23: P | AJ23: P | AK23: P | AL23: P | AM23: Feriado | AN23: P | AO23: P | AP23: P | AQ23: P | AR23: FÉRIAS | AT23: P | AU23: P | AV23: P | AW23: P | AX23: P | AY23: P | AZ23: P | BA23: P | BB23: P | BC23: P | BD23: P/5 | BE23: P | BF23: P | BG23: P | BH23: P | BI23: P | BJ23: P | BK23: P | BL23: P | BM23: P | BN23: P | BO23: P | BP23: P | BQ23: P | BR23: P
A24: =alunos!A23 -> 25129129 | B24: =alunos!B23 -> Miguel Araujo Gerbi | C24: 22 | D24: P | E24: P | F24: P | G24: P | H24: P | I24: P | J24: P | K24: P | L24: P | M24: P | N24: P | O24: P | P24: P | Q24: P | R24: P | S24: P | T24: P | U24: feriado | V24: aniver | W24: P | X24: P | Y24: P | Z24: P | AA24: P | AB24: P | AC24: feriado | AD24: P | AE24: P | AF24: P | AG24: P | AH24: P | AI24: P | AJ24: P | AK24: P | AL24: P | AM24: Feriado | AN24: P | AO24: P | AP24: P | AQ24: P | AR24: FÉRIAS | AT24: P | AU24: P | AV24: P | AW24: F | AX24: P | AY24: P | AZ24: P | BA24: P | BB24: P | BC24: P | BD24: P | BE24: P | BF24: P | BG24: P | BH24: P | BI24: P | BJ24: P | BK24: P | BL24: P | BM24: P | BN24: P | BO24: P | BP24: P | BQ24: P | BR24: P
... A31: =alunos!A30 -> 25129099 | B31: =alunos!B30 -> Vicenzo Vieira Varandas | C31: 29 | D31: P | E31: P | F31: P | G31: P | H31: P | I31: P | J31: P | K31: P | L31: P | M31: P | N31: P | O31: P | P31: P | Q31: P | R31: F | S31: P | T31: P | U31: feriado | V31: aniver | W31: P | X31: P | Y31: P | Z31: P | AA31: P | AB31: P | AC31: feriado | AD31: P | AE31: P | AF31: P | AG31: P | AH31: P | AI31: F | AJ31: P | AK31: P | AL31: P | AM31: Feriado | AN31: P | AO31: P | AP31: P | AQ31: P | AR31: FÉRIAS | AT31: P | AU31: P | AV31: P | AW31: P | AX31: P | AY31: P | AZ31: P | BA31: P | BB31: P | BC31: P | BD31: F | BE31: P | BF31: P | BG31: P | BH31: P | BI31: P | BJ31: P | BK31: P | BL31: P | BM31: P | BN31: P | BO31: P | BP31: P | BQ31: P | BR31: P

Sheet alunos
A1: RM | B1: Aluno
A2: 25130313 | B2: Beatriz Albuquerque Marcondes Dos Santos
A3: 25129077 | B3: Clara Andrzejewky Antonacci
A4: 25129045 | B4: Elisa Marielle de Oliveira Carvalho
A5: 25129967 | B5: Francisco de Paula Souza
A6: 25129049 | B6: Gabriela Caroline da Silva
A7: 25129051 | B7: Giovana Corrêa
A8: 25129087 | B8: Ítalo Mozer de Souza
A9: 25129053 | B9: João Vitor Franco Tandello
A10: 25129055 | B10: Júlia Gabrielly da Silva Gonzaga
A11: 25129178 | B11: Julia Novo de Souza
A12: 25129089 | B12: Juliano Rafael Brolezzi Moraes
A13: 25129057 | B13: Kaique Gonçanvel Pavan
... A30: 25129099 | B30: Vicenzo Vieira Varandas

Sheet vistos
B1: PPM1
A2: Vistos | B2: IMC
A3: =alunos!B2 -> Beatriz Albuquerque Marcondes Dos Santos | B3: ok
A4: =alunos!B3 -> Clara Andrzejewky Antonacci | B4: ok
A5: =alunos!B4 -> Elisa Marielle de Oliveira Carvalho | B5: ok
A6: =alunos!B5 -> Francisco de Paula Souza | B6: ok
A7: =alunos!B6 -> Gabriela Caroline da Silva
A8: =alunos!B7 -> Giovana Corrêa | B8: ok
A9: =alunos!B8 -> Ítalo Mozer de Souza | B9: ok
A10: =alunos!B9 -> João Vitor Franco Tandello
A11: =alunos!B10 -> Júlia Gabrielly da Silva Gonzaga
A12: =alunos!B11 -> Julia Novo de Souza | B12: ok
A13: =alunos!B12 -> Juliano Rafael Brolezzi Moraes | B13: ok
A14: =alunos!B13 -> Kaique Gonçanvel Pavan | B14: ok
A15: =alunos!B14 -> Leandro Saltorato Júnior | B15: ok
A16: =alunos!B15 -> Letícia Corrêa da Silva | B16: ok
A17: =alunos!B16 -> Luís Henrique Preira da Silva | B17: ok
A18: =alunos!B17 -> Luís Otávio Scorcer da Silva | B18: ok
A19: =alunos!B18 -> Luiza Amaral Corazin | B19: ok
A20: =alunos!B19 -> Maria Fernanda Moraes de Oliveira | B20: ok
A21: =alunos!B20 -> Mariana Costa de Carvalho | B21: ok
A22: =alunos!B21 -> Marina Defendi | B22: ok
A23: =alunos!B22 -> Matheus Henrique Salles Spineli | B23: ok
A24: =alunos!B23 -> Miguel Araujo Gerbi | B24: ok
A25: =alunos!B24 -> Mirella Sampaio Vicente
A26: =alunos!B25 -> Murilo Jordan Cezar
A27: =alunos!B26 -> Otávio Moreira Benedeti
A28: =alunos!B27 -> Pietra Vitória Fernandes Lopes | B28: ok
A29: =alunos!B28 -> Sayury de Moraes Araujo | B29: ok
A30: =alunos!B29 -> Tamires Guarizzo | B30: ok
A31: =alunos!B30 -> Vicenzo Vieira Varandas | B31: ok

Sheet Atividade EXPO
A1: Aluno | B1: VISTO
A2: Beatriz Albuquerque Marcondes Dos Santos | B2: ✅
A3: Clara Andrzejewky Antonacci | B3: ✅
A4: Elisa Marielle de Oliveira Carvalho | B4: ✅
A5: Francisco de Paula Souza | B5: ✅
A6: Gabriela Caroline da Silva | B6: ✅
A7: Giovana Corrêa | B7: ✅
A8: Ítalo Mozer de Souza | B8: ✅
A9: João Vitor Franco Tandello | B9: ✅
A10: Júlia Gabrielly da Silva Gonzaga | B10: ✅
A11: Julia Novo de Souza | B11: ✅
A12: Juliano Rafael Brolezzi Moraes | B12: ✅
... A30: Vicenzo Vieira Varandas | B30: ✅
